,frzr4,frzr2
count,500.0,500.0
mean,-78.95000445966002,-80.04210215227992
std,1.5900010171718146,1.0523668423401544
min,-83.39732654,-83.10579454
25%,-80.07321877,-80.757599845
50%,-78.86103742,-80.01094764999999
75%,-77.84141845250001,-79.28432767
max,-75.0479146,-77.13429224
